Link,image,Attribution,category,interest
astronomy.png,https://firebasestorage.googleapis.com/v0/b/places-e6047.appspot.com/o/interest_images%2Fastronomy.png?alt=media&token=9e431c2f-4649-4cfe-88a9-c101c573c6a3,"<a href=""https://www.flaticon.com/free-icons/astronomy"" title=""astronomy icons"">Astronomy icons created by surang - Flaticon</a>",Hobbies,Astronomy
bake.png,https://firebasestorage.googleapis.com/v0/b/places-e6047.appspot.com/o/interest_images%2Fbake.png?alt=media&token=df78b0a4-ad95-4951-86b5-562e186edb03,"<a href=""https://www.flaticon.com/free-icons/astronomy"" title=""astronomy icons"">Astronomy icons created by surang - Flaticon</a>",Hobbies,Baking
bird.png,https://firebasestorage.googleapis.com/v0/b/places-e6047.appspot.com/o/interest_images%2Fbird.png?alt=media&token=1ac55873-6cd7-4f8b-9e3e-b95b9954808e,"<a href=""https://www.flaticon.com/free-icons/bird"" title=""bird icons"">Bird icons created by Freepik - Flaticon</a>",Hobbies,Birdwatching
tent.png,https://firebasestorage.googleapis.com/v0/b/places-e6047.appspot.com/o/interest_images%2Ftent.png?alt=media&token=7aea1121-4548-48b0-ae45-1b778853c4a1,"<a href=""https://www.flaticon.com/free-icons/tent"" title=""tent icons"">Tent icons created by Freepik - Flaticon</a>",Hobbies,Camping
strategy.png,https://firebasestorage.googleapis.com/v0/b/places-e6047.appspot.com/o/interest_images%2Fstrategy.png?alt=media&token=98810d68-3368-4ec6-93bc-dd9b0b6dadef,"<a href=""https://www.flaticon.com/free-icons/board-game"" title=""board game icons"">Board game icons created by Freepik - Flaticon</a>",Hobbies,Chess
cooking.png,https://firebasestorage.googleapis.com/v0/b/places-e6047.appspot.com/o/interest_images%2Fcooking.png?alt=media&token=38215bef-43ff-47f9-a8ef-e05872edde49,"<a href=""https://www.flaticon.com/free-icons/cooking"" title=""cooking icons"">Cooking icons created by Freepik - Flaticon</a>",Hobbies,Cooking
knitting.png,https://firebasestorage.googleapis.com/v0/b/places-e6047.appspot.com/o/interest_images%2Fknitting.png?alt=media&token=b24fcd12-f3b6-49bc-9739-b89bb6210361,"<a href=""https://www.flaticon.com/free-icons/knitting"" title=""knitting icons"">Knitting icons created by Futuer - Flaticon</a>",Hobbies,Crocheting/Knitting
dancing.png,https://firebasestorage.googleapis.com/v0/b/places-e6047.appspot.com/o/interest_images%2Fdancing.png?alt=media&token=963a0111-0946-4afa-becc-281e98c4220a,"<a href=""https://www.flaticon.com/free-icons/dancing"" title=""dancing icons"">Dancing icons created by Freepik - Flaticon</a>",Hobbies,Dancing
diy.png,https://firebasestorage.googleapis.com/v0/b/places-e6047.appspot.com/o/interest_images%2Fdiy.png?alt=media&token=f87e110d-03d7-4d53-9470-3393a9156232,"<a href=""https://www.flaticon.com/free-icons/diy"" title=""DIY icons"">DIY icons created by Freepik - Flaticon</a>",Hobbies,DIY
arts-and-crafts.png,https://firebasestorage.googleapis.com/v0/b/places-e6047.appspot.com/o/interest_images%2Farts-and-crafts.png?alt=media&token=f9312956-b240-41e4-b4d8-e334ff4dc388,"<a href=""https://www.flaticon.com/free-icons/craft"" title=""craft icons"">Craft icons created by Flat Icons - Flaticon</a>",Hobbies,Arts and Crafts
fishing.png,https://firebasestorage.googleapis.com/v0/b/places-e6047.appspot.com/o/interest_images%2Ffishing.png?alt=media&token=e498c56e-470a-4a99-84dc-9c6d731fe19f,"<a href=""https://www.flaticon.com/free-icons/fish"" title=""fish icons"">Fish icons created by Freepik - Flaticon</a>",Hobbies,Fishing
gardening.png,https://firebasestorage.googleapis.com/v0/b/places-e6047.appspot.com/o/interest_images%2Fgardening.png?alt=media&token=32e336b2-3742-4e07-9097-2548dbf2ce5c,"<a href=""https://www.flaticon.com/free-icons/gardening"" title=""gardening icons"">Gardening icons created by Freepik - Flaticon</a>",Hobbies,Gardening
joystick.png,https://firebasestorage.googleapis.com/v0/b/places-e6047.appspot.com/o/interest_images%2Fjoystick.png?alt=media&token=d088fe5c-ad8e-4055-b7ed-3456063603d2,"<a href=""https://www.flaticon.com/free-icons/gaming"" title=""gaming icons"">Gaming icons created by mynamepong - Flaticon</a>",Hobbies,Gaming
hiking.png,https://firebasestorage.googleapis.com/v0/b/places-e6047.appspot.com/o/interest_images%2Fhiking.png?alt=media&token=f1195add-c20f-4ce6-9574-b1e0c8d27492,"<a href=""https://www.flaticon.com/free-icons/hiking"" title=""hiking icons"">Hiking icons created by Smashicons - Flaticon</a>",Hobbies,Hiking
home-brewing.png,https://firebasestorage.googleapis.com/v0/b/places-e6047.appspot.com/o/interest_images%2Fhome-brewing.png?alt=media&token=3092a8f6-5e7b-4267-ad60-78d354eec3fc,"<a href=""https://www.flaticon.com/free-icons/brewery"" title=""brewery icons"">Brewery icons created by Smashicons - Flaticon</a>",Hobbies,Home Brewing
meditation.png,https://firebasestorage.googleapis.com/v0/b/places-e6047.appspot.com/o/interest_images%2Fmeditation.png?alt=media&token=533b4ab9-e279-48ca-9a60-855364c54f87,"<a href=""https://www.flaticon.com/free-icons/meditation"" title=""meditation icons"">Meditation icons created by photo3idea_studio - Flaticon</a>",Hobbies,Meditation
music-instrument.png,https://firebasestorage.googleapis.com/v0/b/places-e6047.appspot.com/o/interest_images%2Fmusic-instrument.png?alt=media&token=d2b4fbfb-95d3-41d5-9abe-744e08504be8,"<a href=""https://www.flaticon.com/free-icons/music"" title=""music icons"">Music icons created by amonrat rungreangfangsai - Flaticon</a>",Hobbies,Musical Instruments
origami.png,https://firebasestorage.googleapis.com/v0/b/places-e6047.appspot.com/o/interest_images%2Forigami.png?alt=media&token=44623290-30a2-4ac2-a566-e1e2178065e2,"<a href=""https://www.flaticon.com/free-icons/origami"" title=""origami icons"">Origami icons created by Freepik - Flaticon</a>",Hobbies,Origami
camera.png,https://firebasestorage.googleapis.com/v0/b/places-e6047.appspot.com/o/interest_images%2Fcamera.png?alt=media&token=e72abac3-0d61-426d-8e90-1893815b3a6e,"<a href=""https://www.flaticon.com/free-icons/camera"" title=""camera icons"">Camera icons created by Freepik - Flaticon</a>",Hobbies,Photography
open-book.png,https://firebasestorage.googleapis.com/v0/b/places-e6047.appspot.com/o/interest_images%2Fopen-book.png?alt=media&token=b153c666-5ac3-46c6-bd24-d86c6c08178e,"<a href=""https://www.flaticon.com/free-icons/book"" title=""book icons"">Book icons created by Smashicons - Flaticon</a>",Hobbies,Reading
gems.png,https://firebasestorage.googleapis.com/v0/b/places-e6047.appspot.com/o/interest_images%2Fgems.png?alt=media&token=a5aef2dd-b1c2-4f2f-969c-588799c961b5,"<a href=""https://www.flaticon.com/free-icons/gem"" title=""gem icons"">Gem icons created by Freepik - Flaticon</a>",Hobbies,Rock Hounding
karaoke.png,https://firebasestorage.googleapis.com/v0/b/places-e6047.appspot.com/o/interest_images%2Fkaraoke.png?alt=media&token=b9838d65-d77a-45a9-a290-8accc8202362,"<a href=""https://www.flaticon.com/free-icons/sing"" title=""sing icons"">Sing icons created by Freepik - Flaticon</a>",Hobbies,Singing
walk.png,https://firebasestorage.googleapis.com/v0/b/places-e6047.appspot.com/o/interest_images%2Fwalk.png?alt=media&token=2216cac1-edcd-45d7-9a62-c385f7c2e9fc,"<a href=""https://www.flaticon.com/free-icons/walk-of-fame"" title=""walk of fame icons"">Walk of fame icons created by surang - Flaticon</a>",Hobbies,Walking
3D-printing.png,https://firebasestorage.googleapis.com/v0/b/places-e6047.appspot.com/o/interest_images%2F3D-printing.png?alt=media&token=3b7a150d-7a15-47d9-954a-ca7e4edb99dd,"<a href=""https://www.flaticon.com/free-icons/3d-printing"" title=""3d printing icons"">3d printing icons created by surang - Flaticon</a>",Hobbies,3D Printing
yoga.png,https://firebasestorage.googleapis.com/v0/b/places-e6047.appspot.com/o/interest_images%2Fyoga.png?alt=media&token=7aee3f59-cdde-468c-a518-3488390cb8f6,"<a href=""https://www.flaticon.com/free-icons/exercise"" title=""exercise icons"">Exercise icons created by photo3idea_studio - Flaticon</a>",Hobbies,Yoga
american-football.png,https://firebasestorage.googleapis.com/v0/b/places-e6047.appspot.com/o/interest_images%2Famerican-football.png?alt=media&token=02f98d45-10f7-4842-9a81-a840d809e500,"<a href=""https://www.flaticon.com/free-icons/american-football"" title=""american football icons"">American football icons created by Freepik - Flaticon</a>",Sports,American Football
archery.png,https://firebasestorage.googleapis.com/v0/b/places-e6047.appspot.com/o/interest_images%2Farchery.png?alt=media&token=ef8fbd7b-7e98-4a4b-bc84-038105602c6f,"<a href=""https://www.flaticon.com/free-icons/archery"" title=""archery icons"">Archery icons created by Smashicons - Flaticon</a>",Sports,Archery
baseball.png,https://firebasestorage.googleapis.com/v0/b/places-e6047.appspot.com/o/interest_images%2Fbaseball.png?alt=media&token=d50ac2da-35bc-4cef-afe3-ded206774d88,"<a href=""https://www.flaticon.com/free-icons/baseball"" title=""baseball icons"">Baseball icons created by Smashicons - Flaticon</a>",Sports,Baseball
basketball-ball.png,https://firebasestorage.googleapis.com/v0/b/places-e6047.appspot.com/o/interest_images%2Fbasketball-ball.png?alt=media&token=5f6bce69-0cbe-4078-b19a-62ad44951510,"<a href=""https://www.flaticon.com/free-icons/basketball"" title=""basketball icons"">Basketball icons created by Good Ware - Flaticon</a>",Sports,Basketball
boxing-gloves.png,https://firebasestorage.googleapis.com/v0/b/places-e6047.appspot.com/o/interest_images%2Fboxing-gloves.png?alt=media&token=00242323-ad30-46bd-89b2-c0830e5f8579,"<a href=""https://www.flaticon.com/free-icons/fight"" title=""fight icons"">Fight icons created by Pixel perfect - Flaticon</a>",Sports,Boxing
kayak.png,https://firebasestorage.googleapis.com/v0/b/places-e6047.appspot.com/o/interest_images%2Fkayak.png?alt=media&token=91be454c-0e50-41c4-a570-d1e69e60cb3f,"<a href=""https://www.flaticon.com/free-icons/kayak"" title=""kayak icons"">Kayak icons created by Smashicons - Flaticon</a>",Sports,Canoeing/Kayaking
climbing.png,https://firebasestorage.googleapis.com/v0/b/places-e6047.appspot.com/o/interest_images%2Fclimbing.png?alt=media&token=6a716540-4af5-47c5-801c-a3131c57c87c,"<a href=""https://www.flaticon.com/free-icons/climbing"" title=""climbing icons"">Climbing icons created by Freepik - Flaticon</a>",Sports,Climbing
cycling.png,https://firebasestorage.googleapis.com/v0/b/places-e6047.appspot.com/o/interest_images%2Fcycling.png?alt=media&token=9a033996-2d1b-4a77-90d2-4161792109cf,"<a href=""https://www.flaticon.com/free-icons/cycling"" title=""cycling icons"">Cycling icons created by Freepik - Flaticon</a>",Sports,Cycling
golf.png,https://firebasestorage.googleapis.com/v0/b/places-e6047.appspot.com/o/interest_images%2Fgolf.png?alt=media&token=3ca45b27-bba9-456b-a3aa-6181d739b902,"<a href=""https://www.flaticon.com/free-icons/golf"" title=""golf icons"">Golf icons created by Freepik - Flaticon</a>",Sports,Golf
acrobat.png,https://firebasestorage.googleapis.com/v0/b/places-e6047.appspot.com/o/interest_images%2Facrobat.png?alt=media&token=28e7afeb-979e-46f4-97de-7e1e6fd8d1c4,"<a href=""https://www.flaticon.com/free-icons/gymnast"" title=""gymnast icons"">Gymnast icons created by DinosoftLabs - Flaticon</a>",Sports,Gymnastics
ice-hockey.png,https://firebasestorage.googleapis.com/v0/b/places-e6047.appspot.com/o/interest_images%2Fice-hockey.png?alt=media&token=6f526989-c2ae-4daa-960d-ce5d03b3e11c,"<a href=""https://www.flaticon.com/free-icons/ice-hockey"" title=""ice hockey icons"">Ice hockey icons created by Vitaly Gorbachev - Flaticon</a>",Sports,Ice Hockey
kite.png,https://firebasestorage.googleapis.com/v0/b/places-e6047.appspot.com/o/interest_images%2Fkite.png?alt=media&token=adab00d7-4498-4ffd-b0fa-0dba49c51b49,"<a href=""https://www.flaticon.com/free-icons/surfing"" title=""surfing icons"">Surfing icons created by ultimatearm - Flaticon</a>",Sports,Kite Surfing
lacrosse.png,https://firebasestorage.googleapis.com/v0/b/places-e6047.appspot.com/o/interest_images%2Flacrosse.png?alt=media&token=9695d352-4c98-48c3-8a91-2e13aa05a6ec,"<a href=""https://www.flaticon.com/free-icons/lacrosse"" title=""lacrosse icons"">Lacrosse icons created by Good Ware - Flaticon</a>",Sports,Lacrosse
winner.png,https://firebasestorage.googleapis.com/v0/b/places-e6047.appspot.com/o/interest_images%2Fwinner.png?alt=media&token=23947802-1cf7-4224-9637-431bb5cdafb1,"<a href=""https://www.flaticon.com/free-icons/marathon"" title=""marathon icons"">Marathon icons created by Freepik - Flaticon</a>",Sports,Marathon
taekwondo.png,https://firebasestorage.googleapis.com/v0/b/places-e6047.appspot.com/o/interest_images%2Ftaekwondo.png?alt=media&token=e58caf0e-7a44-434f-96f7-476f9d4549d1,"<a href=""https://www.flaticon.com/free-icons/taekwondo"" title=""taekwondo icons"">Taekwondo icons created by Flat Icons - Flaticon</a>",Sports,Martial Arts
paddle.png,https://firebasestorage.googleapis.com/v0/b/places-e6047.appspot.com/o/interest_images%2Fpaddle.png?alt=media&token=edc36052-8917-4965-907d-a9b987acf5e5,"<a href=""https://www.flaticon.com/free-icons/paddle"" title=""paddle icons"">Paddle icons created by Freepik - Flaticon</a>",Sports,Paddle Tennis
pickle.png,https://firebasestorage.googleapis.com/v0/b/places-e6047.appspot.com/o/interest_images%2Fpickle.png?alt=media&token=4b2e88e1-58a0-4e1d-8ed6-0d969d378693,"<a href=""https://www.flaticon.com/free-icons/pickle"" title=""pickle icons"">Pickle icons created by Freepik - Flaticon</a>",Sports,Pickleball
rugby.png,https://firebasestorage.googleapis.com/v0/b/places-e6047.appspot.com/o/interest_images%2Frugby.png?alt=media&token=061a10df-50d1-4939-8875-75a4ec5b3966,"<a href=""https://www.flaticon.com/free-icons/rugby"" title=""rugby icons"">Rugby icons created by Smashicons - Flaticon</a>",Sports,Rugby
sail.png,https://firebasestorage.googleapis.com/v0/b/places-e6047.appspot.com/o/interest_images%2Fsail.png?alt=media&token=6e8a2e12-9da0-47fe-bdac-c8c05fc9c07d,"<a href=""https://www.flaticon.com/free-icons/yacht"" title=""yacht icons"">Yacht icons created by Freepik - Flaticon</a>",Sports,Sailing
skateboard.png,https://firebasestorage.googleapis.com/v0/b/places-e6047.appspot.com/o/interest_images%2Fskateboard.png?alt=media&token=4354dc15-c879-447e-a8fe-3fc5f3ff71d6,"<a href=""https://www.flaticon.com/free-icons/skateboard"" title=""skateboard icons"">Skateboard icons created by Freepik - Flaticon</a>",Sports,Skateboarding
ski-poles.png,https://firebasestorage.googleapis.com/v0/b/places-e6047.appspot.com/o/interest_images%2Fski-poles.png?alt=media&token=0a81b975-c665-4d59-99f4-1744e2849052,"<a href=""https://www.flaticon.com/free-icons/ski"" title=""ski icons"">Ski icons created by Freepik - Flaticon</a>",Sports,Skiing
snowboard.png,https://firebasestorage.googleapis.com/v0/b/places-e6047.appspot.com/o/interest_images%2Fsnowboard.png?alt=media&token=0750f740-b2c4-4151-8f4f-d763724903bc,"<a href=""https://www.flaticon.com/free-icons/snowboard"" title=""snowboard icons"">Snowboard icons created by Freepik - Flaticon</a>",Sports,Snowboarding
soccer-ball-variant.png,https://firebasestorage.googleapis.com/v0/b/places-e6047.appspot.com/o/interest_images%2Fsoccer-ball-variant.png?alt=media&token=1058652a-034e-4bfe-bbdc-0e314a59745a,"<a href=""https://www.flaticon.com/free-icons/soccer"" title=""soccer icons"">Soccer icons created by Freepik - Flaticon</a>",Sports,Soccer (Football)
playing.png,https://firebasestorage.googleapis.com/v0/b/places-e6047.appspot.com/o/interest_images%2Fplaying.png?alt=media&token=a04885c6-4f6c-4fdf-8446-7dc95ebb3d2f,"<a href=""https://www.flaticon.com/free-icons/spikeball"" title=""spikeball icons"">Spikeball icons created by Leremy - Flaticon</a>",Sports,Spikeball
surfing.png,https://firebasestorage.googleapis.com/v0/b/places-e6047.appspot.com/o/interest_images%2Fsurfing.png?alt=media&token=9e2a9d32-6db8-4184-8390-4673b8999ab7,"<a href=""https://www.flaticon.com/free-icons/surfing"" title=""surfing icons"">Surfing icons created by Freepik - Flaticon</a>",Sports,Surfing
swimming.png,https://firebasestorage.googleapis.com/v0/b/places-e6047.appspot.com/o/interest_images%2Fswimming.png?alt=media&token=90c7eb00-99fc-4c3a-9552-3b460a2679c5,"<a href=""https://www.flaticon.com/free-icons/swimming"" title=""swimming icons"">Swimming icons created by Chattapat - Flaticon</a>",Sports,Swimming
tennis.png,https://firebasestorage.googleapis.com/v0/b/places-e6047.appspot.com/o/interest_images%2Ftennis.png?alt=media&token=164fe8a3-4c5e-4721-8dd5-e23b617da9c2,"<a href=""https://www.flaticon.com/free-icons/tennis"" title=""tennis icons"">Tennis icons created by Those Icons - Flaticon</a>",Sports,Tennis
running-track.png,https://firebasestorage.googleapis.com/v0/b/places-e6047.appspot.com/o/interest_images%2Frunning-track.png?alt=media&token=885d1183-c042-4200-8194-d30018cba2c4,"<a href=""https://www.flaticon.com/free-icons/running-track"" title=""running track icons"">Running track icons created by Freepik - Flaticon</a>",Sports,Track and Field
triathlon.png,https://firebasestorage.googleapis.com/v0/b/places-e6047.appspot.com/o/interest_images%2Ftriathlon.png?alt=media&token=ea27d108-c4a7-4c50-9524-f7190843c397,"<a href=""https://www.flaticon.com/free-icons/triathlon"" title=""triathlon icons"">Triathlon icons created by Freepik - Flaticon</a>",Sports,Triathlon
frisbee.png,https://firebasestorage.googleapis.com/v0/b/places-e6047.appspot.com/o/interest_images%2Ffrisbee.png?alt=media&token=e5393341-de98-4903-86c2-00118f016e50,"<a href=""https://www.flaticon.com/free-icons/frisbee"" title=""frisbee icons"">Frisbee icons created by Freepik - Flaticon</a>",Sports,Ultimate Frisbee
volleyball.png,https://firebasestorage.googleapis.com/v0/b/places-e6047.appspot.com/o/interest_images%2Fvolleyball.png?alt=media&token=92d4edd7-8a74-40c5-b017-3ac0ecb6fde1,"<a href=""https://www.flaticon.com/free-icons/volleyball"" title=""volleyball icons"">Volleyball icons created by Freepik - Flaticon</a>",Sports,Volleyball
male-clothes.png,https://firebasestorage.googleapis.com/v0/b/places-e6047.appspot.com/o/interest_images%2Fmale-clothes.png?alt=media&token=0a2bf0a3-7ee9-41bc-9ba4-4ae77c8f5537,"<a href=""https://www.flaticon.com/free-icons/clothing"" title=""clothing icons"">Clothing icons created by Flat Icons - Flaticon</a>",Marketplace,Clothing
sofa.png,https://firebasestorage.googleapis.com/v0/b/places-e6047.appspot.com/o/interest_images%2Fsofa.png?alt=media&token=274fb28e-1518-40ac-ae1c-92c3f1a039d7,"<a href=""https://www.flaticon.com/free-icons/sofa"" title=""sofa icons"">Sofa icons created by Freepik - Flaticon</a>",Marketplace,Furniture
responsive.png,https://firebasestorage.googleapis.com/v0/b/places-e6047.appspot.com/o/interest_images%2Fresponsive.png?alt=media&token=8e173b0b-0dc2-4e11-951d-354b7ff19f4a,"<a href=""https://www.flaticon.com/free-icons/devices"" title=""devices icons"">Devices icons created by Freepik - Flaticon</a>",Marketplace,Electronics
storage-box.png,https://firebasestorage.googleapis.com/v0/b/places-e6047.appspot.com/o/interest_images%2Fstorage-box.png?alt=media&token=ab8d29bd-6155-4acf-9b75-917568c87dc5,"<a href=""https://www.flaticon.com/free-icons/miscellaneous"" title=""miscellaneous icons"">Miscellaneous icons created by surang - Flaticon</a>",Marketplace,Random
milk-bottle.png,https://firebasestorage.googleapis.com/v0/b/places-e6047.appspot.com/o/interest_images%2Fmilk-bottle.png?alt=media&token=e7ed2311-cff9-480c-9282-24cf182bd0fa,"<a href=""https://www.flaticon.com/free-icons/babysitting"" title=""babysitting icons"">Babysitting icons created by Chanut-is-Industries - Flaticon</a>",Services,Babysitting
help (1).png,https://firebasestorage.googleapis.com/v0/b/places-e6047.appspot.com/o/interest_images%2Fhelp%20(1).png?alt=media&token=156aa05b-3025-49e8-ae27-27c177773493,"<a href=""https://www.flaticon.com/free-icons/volunteer"" title=""volunteer icons"">Volunteer icons created by Freepik - Flaticon</a>",Services,Volunteering
pet (1).png,https://firebasestorage.googleapis.com/v0/b/places-e6047.appspot.com/o/interest_images%2Fpet%20(1).png?alt=media&token=a23608aa-019e-4da8-8d51-ffa12462225c,"<a href=""https://www.flaticon.com/free-icons/cat"" title=""cat icons"">Cat icons created by Becris - Flaticon</a>",Services,Pets 
plumbing.png,https://firebasestorage.googleapis.com/v0/b/places-e6047.appspot.com/o/interest_images%2Fplumbing.png?alt=media&token=95d12cd7-118b-43a5-bbc7-63baa950889b,"<a href=""https://www.flaticon.com/free-icons/pipe"" title=""pipe icons"">Pipe icons created by Freepik - Flaticon</a>",Services,Plumbing
moving-home.png,https://firebasestorage.googleapis.com/v0/b/places-e6047.appspot.com/o/interest_images%2Fmoving-home.png?alt=media&token=ecfedfdd-90a0-4efc-8787-6ef9ab333ccc,"<a href=""https://www.flaticon.com/free-icons/moving-home"" title=""moving home icons"">Moving home icons created by Smashicons - Flaticon</a>",Services,Movers
electrician.png,https://firebasestorage.googleapis.com/v0/b/places-e6047.appspot.com/o/interest_images%2Felectrician.png?alt=media&token=2597ed78-9722-4b6c-a24b-1f8321c5aa5e,"<a href=""https://www.flaticon.com/free-icons/electrician"" title=""electrician icons"">Electrician icons created by surang - Flaticon</a>",Services,Electrician